1706625499408,158,HTTP Request,200,OK,Thread Group 1-6,text,true,,6757,153,7,7,https://jsonplaceholder.typicode.com/api/v1/users?page=6,157,0,80
1706625499138,389,HTTP Request,200,OK,Thread Group 1-1,text,true,,6759,153,7,7,https://jsonplaceholder.typicode.com/api/v1/users?page=1,383,0,341
1706625499138,420,HTTP Request,200,OK,Thread Group 1-2,text,true,,6757,153,7,7,https://jsonplaceholder.typicode.com/api/v1/users?page=2,417,0,339
1706625499307,220,HTTP Request,200,OK,Thread Group 1-5,text,true,,6767,153,7,7,https://jsonplaceholder.typicode.com/api/v1/users?page=5,214,0,172
1706625499209,317,HTTP Request,200,OK,Thread Group 1-4,text,true,,6759,153,7,7,https://jsonplaceholder.typicode.com/api/v1/users?page=4,307,0,262
1706625499138,389,HTTP Request,200,OK,Thread Group 1-3,text,true,,6759,153,7,7,https://jsonplaceholder.typicode.com/api/v1/users?page=3,378,0,333
1706625499506,129,HTTP Request,200,OK,Thread Group 1-7,text,true,,6767,153,2,2,https://jsonplaceholder.typicode.com/api/v1/users?page=7,128,0,82
1706625499605,153,HTTP Request,200,OK,Thread Group 1-8,text,true,,6757,153,2,2,https://jsonplaceholder.typicode.com/api/v1/users?page=8,152,0,77
1706625499706,125,HTTP Request,200,OK,Thread Group 1-9,text,true,,6767,153,2,2,https://jsonplaceholder.typicode.com/api/v1/users?page=9,124,0,82
1706625499805,122,HTTP Request,200,OK,Thread Group 1-10,text,true,,6767,154,1,1,https://jsonplaceholder.typicode.com/api/v1/users?page=10,121,0,81
